model,roc_auc,pr_auc,f1,precision,recall,tn,fp,fn,tp,train_time_s
LightGBM,0.8082990236511494,0.3013976539184748,0.3278070190477823,0.3117764080487884,0.34557547715442455,171576,21103,18104,9560,43.09726357460022
CatBoost,0.7706729528956318,0.29156773389107565,0.34627344125661164,0.31106375626331856,0.39047137073452864,168755,23924,16862,10802,139.81356143951416
XGBoost,0.7839100575698666,0.2747371451351145,0.3093610751122867,0.3039595325309611,0.3149580682475419,172727,19952,18951,8713,67.32354664802551
